-- Customer
INSERT INTO Customer (customer_id, first_name, last_name, email, phone, birth_date, registered_at) VALUES (1, 'Nela', 'Havlíčková', 'vcerna@example.com', '00420 603 180 707', '1964-03-08', '2024-04-15 12:05:52');
INSERT INTO Customer (customer_id, first_name, last_name, email, phone, birth_date, registered_at) VALUES (2, 'Tadeáš', 'Liška', 'mahulenakucerova@example.org', '00420 705 411 403', '1945-05-31', '2023-06-18 06:33:17');
INSERT INTO Customer (customer_id, first_name, last_name, email, phone, birth_date, registered_at) VALUES (3, 'Alexandra', 'Pospíšilová', 'moravcovakristina@example.com', '+420 722 446 454', '1995-05-23', '2025-04-21 18:35:29');
INSERT INTO Customer (customer_id, first_name, last_name, email, phone, birth_date, registered_at) VALUES (4, 'Dorota', 'Marek', 'estastna@example.net', '+420 607 363 812', '1995-03-01', '2024-12-30 22:08:43');
INSERT INTO Customer (customer_id, first_name, last_name, email, phone, birth_date, registered_at) VALUES (5, 'Ctirad', 'Moravec', 'bilekmarcel@example.org', '+420 771 458 079', '1976-06-02', '2025-02-23 21:53:55');
INSERT INTO Customer (customer_id, first_name, last_name, email, phone, birth_date, registered_at) VALUES (6, 'Matyáš', 'Žáková', 'bblazkova@example.com', '+420 705 928 197', '1992-02-23', '2024-02-08 17:30:53');
INSERT INTO Customer (customer_id, first_name, last_name, email, phone, birth_date, registered_at) VALUES (7, 'Andrea', 'Marková', 'denisajelinkova@example.org', '+420 608 415 143', '1993-11-23', '2025-02-08 16:16:28');
INSERT INTO Customer (customer_id, first_name, last_name, email, phone, birth_date, registered_at) VALUES (8, 'Dita', 'Bláhová', 'adela28@example.net', '+420 739 204 433', '1968-12-05', '2022-12-18 03:41:26');
INSERT INTO Customer (customer_id, first_name, last_name, email, phone, birth_date, registered_at) VALUES (9, 'Radim', 'Bártová', 'mariabenesova@example.org', '+420 603 732 850', '1954-03-04', '2025-04-19 13:33:16');
INSERT INTO Customer (customer_id, first_name, last_name, email, phone, birth_date, registered_at) VALUES (10, 'Kateřina', 'Ševčík', 'kovarlumir@example.net', '00420 602 825 456', '1979-03-13', '2024-07-13 08:55:53');
INSERT INTO Customer (customer_id, first_name, last_name, email, phone, birth_date, registered_at) VALUES (11, 'Filip', 'Štěpánková', 'andelahorakova@example.net', '+420 703 762 934', '2006-10-30', '2023-04-01 18:55:59');
INSERT INTO Customer (customer_id, first_name, last_name, email, phone, birth_date, registered_at) VALUES (12, 'Viktorie', 'Fiala', 'jarmilahorvathova@example.com', '00420 601 068 189', '1962-02-01', '2023-11-11 19:33:56');
INSERT INTO Customer (customer_id, first_name, last_name, email, phone, birth_date, registered_at) VALUES (13, 'Matěj', 'Švec', 'krizovamartina@example.com', '00420 779 903 828', '1956-02-03', '2023-01-13 10:24:18');
INSERT INTO Customer (customer_id, first_name, last_name, email, phone, birth_date, registered_at) VALUES (14, 'Vít', 'Dvořáková', 'dostalovasabina@example.net', '00420 702 358 747', '1992-08-04', '2023-10-08 02:46:46');
INSERT INTO Customer (customer_id, first_name, last_name, email, phone, birth_date, registered_at) VALUES (15, 'Štefan', 'Hrubý', 'horakovazdenka@example.net', '00420 705 738 133', '1967-09-03', '2023-05-09 13:59:08');
INSERT INTO Customer (customer_id, first_name, last_name, email, phone, birth_date, registered_at) VALUES (16, 'Albert', 'Brož', 'tesarludvik@example.com', '00420 607 523 083', '1983-07-10', '2024-05-30 02:04:20');
INSERT INTO Customer (customer_id, first_name, last_name, email, phone, birth_date, registered_at) VALUES (17, 'Bohumila', 'Valenta', 'fiserovalenka@example.net', '00420 799 968 718', '1977-03-25', '2024-04-10 16:54:07');
INSERT INTO Customer (customer_id, first_name, last_name, email, phone, birth_date, registered_at) VALUES (18, 'Jindřiška', 'Tůma', 'jandovajulie@example.net', '+420 607 802 589', '1971-10-03', '2024-02-08 03:13:03');
INSERT INTO Customer (customer_id, first_name, last_name, email, phone, birth_date, registered_at) VALUES (19, 'Jan', 'Bárta', 'sedlakovazofie@example.org', '+420 603 862 702', '1984-12-13', '2024-02-05 15:57:07');
INSERT INTO Customer (customer_id, first_name, last_name, email, phone, birth_date, registered_at) VALUES (20, 'Alice', 'Matoušková', 'nelakrausova@example.net', '00420 608 704 363', '1998-06-12', '2024-05-21 23:44:23');

-- Room
INSERT INTO Room (room_id, room_number, capacity, price_per_night, room_type, description) VALUES (1, 427, 1, 612.55, 'double', 'Skromný strčit kritizovat obecný.');
INSERT INTO Room (room_id, room_number, capacity, price_per_night, room_type, description) VALUES (2, 225, 2, 1127.92, 'single', 'Zoo vzhledem částka zabezpečení.');
INSERT INTO Room (room_id, room_number, capacity, price_per_night, room_type, description) VALUES (3, 446, 1, 3157.22, 'single', 'Pravidelný tah vyprávět povaha vézt.');
INSERT INTO Room (room_id, room_number, capacity, price_per_night, room_type, description) VALUES (4, 115, 1, 1483.87, 'suite', 'Víceméně hodnota elektrický jádro opozice dokončení.');
INSERT INTO Room (room_id, room_number, capacity, price_per_night, room_type, description) VALUES (5, 408, 1, 3025.6, 'suite', 'Mez lžíce typ vzniknout rychlost nevinný chlad.');
INSERT INTO Room (room_id, room_number, capacity, price_per_night, room_type, description) VALUES (6, 432, 4, 1491.98, 'suite', 'Likvidace síla stávající nervový odchod.');
INSERT INTO Room (room_id, room_number, capacity, price_per_night, room_type, description) VALUES (7, 242, 1, 3914.63, 'single', 'Manželka kritický již měsíčně Brusel šedý respekt Austrálie.');
INSERT INTO Room (room_id, room_number, capacity, price_per_night, room_type, description) VALUES (8, 457, 4, 2031.13, 'single', 'Nejistota páska prodejce princ spojenec cela zranit.');
INSERT INTO Room (room_id, room_number, capacity, price_per_night, room_type, description) VALUES (9, 210, 3, 959.95, 'double', 'Dodávat EU zajímavost hájit seznámit.');
INSERT INTO Room (room_id, room_number, capacity, price_per_night, room_type, description) VALUES (10, 149, 3, 4313.72, 'suite', 'Sobotka spolupráce společenský jenomže mnohokrát pokud vzhlédnout.');
INSERT INTO Room (room_id, room_number, capacity, price_per_night, room_type, description) VALUES (11, 235, 1, 3783.79, 'suite', 'Velikost stálý cyklista ruka.');
INSERT INTO Room (room_id, room_number, capacity, price_per_night, room_type, description) VALUES (12, 163, 4, 854.6, 'double', 'Mnich směs chování respektovat.');
INSERT INTO Room (room_id, room_number, capacity, price_per_night, room_type, description) VALUES (13, 421, 3, 3098.08, 'suite', 'Video strážník ukázat příležitost příbuzný větrný nejistota.');
INSERT INTO Room (room_id, room_number, capacity, price_per_night, room_type, description) VALUES (14, 135, 1, 3475.68, 'double', 'Obyvatel daň klepnout těhotenství trvale keř jeden.');
INSERT INTO Room (room_id, room_number, capacity, price_per_night, room_type, description) VALUES (15, 140, 2, 4399.18, 'double', 'Obyvatelstvo volant Vídeň.');

-- PaymentMethod
INSERT INTO PaymentMethod (payment_method_id, name, description) VALUES (1, 'card', 'Platba kartou');
INSERT INTO PaymentMethod (payment_method_id, name, description) VALUES (2, 'cash', 'Platba v hotovosti');
INSERT INTO PaymentMethod (payment_method_id, name, description) VALUES (3, 'transfer', 'Bankovní převod');

-- Service
INSERT INTO Service (service_id, name, price, description) VALUES (1, 'Přispět', 628.15, 'Pěkně vyhnat četný filmový.');
INSERT INTO Service (service_id, name, price, description) VALUES (2, 'Krvavý', 1307.8, 'Ostrý vězení slunce Slavia házet křižovatka.');
INSERT INTO Service (service_id, name, price, description) VALUES (3, 'Položit', 793.18, 'Mozkový emoce stadión světlo týž.');
INSERT INTO Service (service_id, name, price, description) VALUES (4, 'Nakonec', 803.34, 'Zábava čtyři Labe obtěžovat večer předpokládat zarazit.');
INSERT INTO Service (service_id, name, price, description) VALUES (5, 'Vánoční', 498.06, 'Průvodce vloni poslanec riziko.');
INSERT INTO Service (service_id, name, price, description) VALUES (6, 'Sehnat', 607.26, 'Zbraň tudíž zvyšovat hledět.');
INSERT INTO Service (service_id, name, price, description) VALUES (7, 'Zklamání', 1879.64, 'Smrtelný falešný nebo prominout opak vystoupení.');
INSERT INTO Service (service_id, name, price, description) VALUES (8, 'Zadržet', 1331.27, 'Skála hovor senátor Brod lékař.');
INSERT INTO Service (service_id, name, price, description) VALUES (9, 'Popadnout', 1257.35, 'Teda pes krajina zdravý.');
INSERT INTO Service (service_id, name, price, description) VALUES (10, 'Vydělat', 425.16, 'Trik česnek dovnitř hodlat emise.');

-- Reservation
INSERT INTO Reservation (reservation_id, customer_id, room_id, check_in, check_out, total_price, reservation_status, payment_method_id, created_at) VALUES (1, 8, 3, '2026-05-18', '2024-12-16', 0, 'confirmed', 2, '2025-08-11 19:50:11');
INSERT INTO Reservation (reservation_id, customer_id, room_id, check_in, check_out, total_price, reservation_status, payment_method_id, created_at) VALUES (2, 9, 15, '2026-01-21', '2024-12-26', 0, 'cancelled', 3, '2025-03-28 15:57:31');
INSERT INTO Reservation (reservation_id, customer_id, room_id, check_in, check_out, total_price, reservation_status, payment_method_id, created_at) VALUES (3, 18, 4, '2025-02-27', '2025-01-19', 0, 'cancelled', 2, '2025-04-20 12:27:12');
INSERT INTO Reservation (reservation_id, customer_id, room_id, check_in, check_out, total_price, reservation_status, payment_method_id, created_at) VALUES (4, 2, 4, '2026-11-19', '2024-12-25', 0, 'pending', 2, '2025-05-27 19:08:21');
INSERT INTO Reservation (reservation_id, customer_id, room_id, check_in, check_out, total_price, reservation_status, payment_method_id, created_at) VALUES (5, 13, 5, '2025-11-24', '2025-06-23', 0, 'pending', 1, '2025-09-03 01:34:17');
INSERT INTO Reservation (reservation_id, customer_id, room_id, check_in, check_out, total_price, reservation_status, payment_method_id, created_at) VALUES (6, 19, 15, '2026-01-05', '2026-03-04', 0, 'cancelled', 2, '2025-02-12 02:28:30');
INSERT INTO Reservation (reservation_id, customer_id, room_id, check_in, check_out, total_price, reservation_status, payment_method_id, created_at) VALUES (7, 7, 11, '2026-11-07', '2025-03-23', 0, 'confirmed', 2, '2024-12-29 03:09:01');
INSERT INTO Reservation (reservation_id, customer_id, room_id, check_in, check_out, total_price, reservation_status, payment_method_id, created_at) VALUES (8, 15, 3, '2026-05-26', '2025-06-11', 0, 'confirmed', 1, '2025-07-31 09:08:57');
INSERT INTO Reservation (reservation_id, customer_id, room_id, check_in, check_out, total_price, reservation_status, payment_method_id, created_at) VALUES (9, 8, 12, '2025-10-15', '2026-03-04', 0, 'cancelled', 3, '2024-12-01 05:18:20');
INSERT INTO Reservation (reservation_id, customer_id, room_id, check_in, check_out, total_price, reservation_status, payment_method_id, created_at) VALUES (10, 9, 12, '2026-08-26', '2026-06-24', 0, 'cancelled', 2, '2025-01-02 04:29:24');
INSERT INTO Reservation (reservation_id, customer_id, room_id, check_in, check_out, total_price, reservation_status, payment_method_id, created_at) VALUES (11, 19, 7, '2025-06-01', '2024-12-24', 0, 'confirmed', 1, '2025-10-30 23:54:09');
INSERT INTO Reservation (reservation_id, customer_id, room_id, check_in, check_out, total_price, reservation_status, payment_method_id, created_at) VALUES (12, 5, 9, '2026-06-26', '2025-05-22', 0, 'confirmed', 1, '2025-07-17 02:47:57');
INSERT INTO Reservation (reservation_id, customer_id, room_id, check_in, check_out, total_price, reservation_status, payment_method_id, created_at) VALUES (13, 2, 14, '2025-03-29', '2025-09-18', 0, 'pending', 1, '2025-01-20 10:51:10');
INSERT INTO Reservation (reservation_id, customer_id, room_id, check_in, check_out, total_price, reservation_status, payment_method_id, created_at) VALUES (14, 6, 13, '2025-12-27', '2025-07-26', 0, 'cancelled', 2, '2025-08-13 11:24:05');
INSERT INTO Reservation (reservation_id, customer_id, room_id, check_in, check_out, total_price, reservation_status, payment_method_id, created_at) VALUES (15, 20, 2, '2025-08-24', '2025-05-03', 0, 'confirmed', 2, '2025-05-10 08:19:08');
INSERT INTO Reservation (reservation_id, customer_id, room_id, check_in, check_out, total_price, reservation_status, payment_method_id, created_at) VALUES (16, 20, 8, '2026-04-24', '2025-07-23', 0, 'cancelled', 2, '2025-04-25 23:22:24');
INSERT INTO Reservation (reservation_id, customer_id, room_id, check_in, check_out, total_price, reservation_status, payment_method_id, created_at) VALUES (17, 18, 14, '2025-12-10', '2025-01-29', 0, 'pending', 3, '2025-05-01 16:19:27');
INSERT INTO Reservation (reservation_id, customer_id, room_id, check_in, check_out, total_price, reservation_status, payment_method_id, created_at) VALUES (18, 4, 11, '2025-01-21', '2026-03-01', 0, 'cancelled', 2, '2025-08-06 22:30:03');
INSERT INTO Reservation (reservation_id, customer_id, room_id, check_in, check_out, total_price, reservation_status, payment_method_id, created_at) VALUES (19, 11, 2, '2026-09-02', '2025-12-05', 0, 'confirmed', 2, '2025-08-24 18:22:52');
INSERT INTO Reservation (reservation_id, customer_id, room_id, check_in, check_out, total_price, reservation_status, payment_method_id, created_at) VALUES (20, 6, 8, '2026-03-27', '2025-04-28', 0, 'pending', 3, '2025-06-10 07:58:04');
INSERT INTO Reservation (reservation_id, customer_id, room_id, check_in, check_out, total_price, reservation_status, payment_method_id, created_at) VALUES (21, 9, 9, '2025-06-11', '2024-11-29', 0, 'pending', 3, '2024-12-15 19:52:29');
INSERT INTO Reservation (reservation_id, customer_id, room_id, check_in, check_out, total_price, reservation_status, payment_method_id, created_at) VALUES (22, 4, 14, '2025-11-01', '2025-06-23', 0, 'cancelled', 2, '2025-01-09 04:45:18');
INSERT INTO Reservation (reservation_id, customer_id, room_id, check_in, check_out, total_price, reservation_status, payment_method_id, created_at) VALUES (23, 17, 10, '2026-10-01', '2025-08-21', 0, 'pending', 1, '2025-02-26 17:07:16');
INSERT INTO Reservation (reservation_id, customer_id, room_id, check_in, check_out, total_price, reservation_status, payment_method_id, created_at) VALUES (24, 12, 13, '2025-07-26', '2026-06-20', 0, 'pending', 3, '2025-07-28 19:51:50');
INSERT INTO Reservation (reservation_id, customer_id, room_id, check_in, check_out, total_price, reservation_status, payment_method_id, created_at) VALUES (25, 17, 15, '2026-09-10', '2026-04-20', 0, 'pending', 3, '2025-02-22 18:19:52');
INSERT INTO Reservation (reservation_id, customer_id, room_id, check_in, check_out, total_price, reservation_status, payment_method_id, created_at) VALUES (26, 11, 8, '2026-06-07', '2026-02-26', 0, 'pending', 1, '2025-05-30 03:10:04');
INSERT INTO Reservation (reservation_id, customer_id, room_id, check_in, check_out, total_price, reservation_status, payment_method_id, created_at) VALUES (27, 12, 15, '2025-01-05', '2026-03-15', 0, 'confirmed', 1, '2025-01-20 15:07:09');
INSERT INTO Reservation (reservation_id, customer_id, room_id, check_in, check_out, total_price, reservation_status, payment_method_id, created_at) VALUES (28, 2, 4, '2025-01-07', '2025-11-23', 0, 'cancelled', 1, '2025-09-07 06:51:00');
INSERT INTO Reservation (reservation_id, customer_id, room_id, check_in, check_out, total_price, reservation_status, payment_method_id, created_at) VALUES (29, 3, 12, '2025-02-14', '2025-07-23', 0, 'confirmed', 1, '2025-09-24 00:44:26');
INSERT INTO Reservation (reservation_id, customer_id, room_id, check_in, check_out, total_price, reservation_status, payment_method_id, created_at) VALUES (30, 18, 13, '2024-12-23', '2026-10-27', 0, 'pending', 1, '2025-10-21 15:03:03');

-- Reservation_Service
INSERT INTO Reservation_Service (reservation_id, service_id, quantity) VALUES (22, 8, 5);
INSERT INTO Reservation_Service (reservation_id, service_id, quantity) VALUES (6, 5, 5);
INSERT INTO Reservation_Service (reservation_id, service_id, quantity) VALUES (28, 10, 4);
INSERT INTO Reservation_Service (reservation_id, service_id, quantity) VALUES (7, 9, 2);
INSERT INTO Reservation_Service (reservation_id, service_id, quantity) VALUES (23, 5, 4);
INSERT INTO Reservation_Service (reservation_id, service_id, quantity) VALUES (22, 6, 4);
INSERT INTO Reservation_Service (reservation_id, service_id, quantity) VALUES (29, 9, 4);
INSERT INTO Reservation_Service (reservation_id, service_id, quantity) VALUES (4, 4, 2);
INSERT INTO Reservation_Service (reservation_id, service_id, quantity) VALUES (3, 6, 1);
INSERT INTO Reservation_Service (reservation_id, service_id, quantity) VALUES (19, 9, 2);
INSERT INTO Reservation_Service (reservation_id, service_id, quantity) VALUES (19, 4, 1);
INSERT INTO Reservation_Service (reservation_id, service_id, quantity) VALUES (3, 1, 2);
INSERT INTO Reservation_Service (reservation_id, service_id, quantity) VALUES (28, 6, 1);
INSERT INTO Reservation_Service (reservation_id, service_id, quantity) VALUES (17, 4, 3);
INSERT INTO Reservation_Service (reservation_id, service_id, quantity) VALUES (5, 10, 5);
INSERT INTO Reservation_Service (reservation_id, service_id, quantity) VALUES (16, 4, 4);
INSERT INTO Reservation_Service (reservation_id, service_id, quantity) VALUES (26, 7, 2);
INSERT INTO Reservation_Service (reservation_id, service_id, quantity) VALUES (4, 2, 4);
INSERT INTO Reservation_Service (reservation_id, service_id, quantity) VALUES (12, 7, 4);
INSERT INTO Reservation_Service (reservation_id, service_id, quantity) VALUES (15, 1, 1);
INSERT INTO Reservation_Service (reservation_id, service_id, quantity) VALUES (2, 7, 3);
INSERT INTO Reservation_Service (reservation_id, service_id, quantity) VALUES (26, 2, 2);
INSERT INTO Reservation_Service (reservation_id, service_id, quantity) VALUES (7, 4, 5);
INSERT INTO Reservation_Service (reservation_id, service_id, quantity) VALUES (15, 3, 4);
INSERT INTO Reservation_Service (reservation_id, service_id, quantity) VALUES (15, 4, 1);
INSERT INTO Reservation_Service (reservation_id, service_id, quantity) VALUES (15, 9, 1);
INSERT INTO Reservation_Service (reservation_id, service_id, quantity) VALUES (2, 9, 1);
INSERT INTO Reservation_Service (reservation_id, service_id, quantity) VALUES (3, 4, 2);
INSERT INTO Reservation_Service (reservation_id, service_id, quantity) VALUES (14, 8, 4);
INSERT INTO Reservation_Service (reservation_id, service_id, quantity) VALUES (7, 7, 1);
INSERT INTO Reservation_Service (reservation_id, service_id, quantity) VALUES (6, 7, 1);
INSERT INTO Reservation_Service (reservation_id, service_id, quantity) VALUES (13, 5, 4);
INSERT INTO Reservation_Service (reservation_id, service_id, quantity) VALUES (10, 7, 5);
INSERT INTO Reservation_Service (reservation_id, service_id, quantity) VALUES (5, 4, 3);
INSERT INTO Reservation_Service (reservation_id, service_id, quantity) VALUES (7, 1, 5);
INSERT INTO Reservation_Service (reservation_id, service_id, quantity) VALUES (24, 9, 1);
INSERT INTO Reservation_Service (reservation_id, service_id, quantity) VALUES (24, 6, 1);
INSERT INTO Reservation_Service (reservation_id, service_id, quantity) VALUES (2, 10, 4);
INSERT INTO Reservation_Service (reservation_id, service_id, quantity) VALUES (17, 9, 2);
INSERT INTO Reservation_Service (reservation_id, service_id, quantity) VALUES (3, 3, 1);
INSERT INTO Reservation_Service (reservation_id, service_id, quantity) VALUES (20, 2, 2);
INSERT INTO Reservation_Service (reservation_id, service_id, quantity) VALUES (13, 2, 5);
INSERT INTO Reservation_Service (reservation_id, service_id, quantity) VALUES (8, 10, 5);
INSERT INTO Reservation_Service (reservation_id, service_id, quantity) VALUES (3, 7, 5);
INSERT INTO Reservation_Service (reservation_id, service_id, quantity) VALUES (11, 5, 2);
INSERT INTO Reservation_Service (reservation_id, service_id, quantity) VALUES (8, 5, 4);
INSERT INTO Reservation_Service (reservation_id, service_id, quantity) VALUES (5, 5, 4);
INSERT INTO Reservation_Service (reservation_id, service_id, quantity) VALUES (11, 2, 1);
INSERT INTO Reservation_Service (reservation_id, service_id, quantity) VALUES (15, 10, 5);
INSERT INTO Reservation_Service (reservation_id, service_id, quantity) VALUES (18, 4, 5);
